sample_name	replicate	condition
1-H2B-DAAO-L-Ala-10mM-4h-1_AAF25FWM5	1	H2B_L_Ala
10-TOM20-DAAO-D-Ala-10mM-4h-1_AACWV7FM5	1	TOM20_D_Ala
11-TOM20-DAAO-D-Ala-10mM-4h-2_AAF25FWM5	2	TOM20_D_Ala
12-TOM20-DAAO-D-Ala-10mM-4h-3_AAF25FWM5	3	TOM20_D_Ala
2-H2B-DAAO-L-Ala-10mM-4h-2_AAF25FWM5	2	H2B_L_Ala
3-H2B-DAAO-L-Ala-10mM-4h-3_AAF25FWM5	3	H2B_L_Ala
4-H2B-DAAO-D-Ala-10mM-4h-1_AAF25FWM5	1	H2B_D_Ala
5-H2B-DAAO-D-Ala-10mM-4h-2_AAF25FWM5	2	H2B_D_Ala
6-H2B-DAAO-D-Ala-10mM-4h-3_AAF25FWM5	3	H2B_D_Ala
7-TOM20-DAAO-L-Ala-10mM-4h-1_AACWV7FM5	1	TOM20_L_Ala
8-TOM20-DAAO-L-Ala-10mM-4h-2_AAF25FWM5	2	TOM20_L_Ala
9-TOM20-DAAO-L-Ala-10mM-4h-3_AAF25FWM5	3	TOM20_L_Ala
