sample_name	genome	fq1	fq2
1-H2B-DAAO-L-Ala-10mM-4h-1_AAF25FWM5	human	/hpc/local/Rocky8/umc_kaaij/gkarsters/Rna-seq/Janneke_boudewijn_tom20H2B_d_ala/Run_2/1-H2B-DAAO-L-Ala-10mM-4h-1_AAF25FWM5_S4_L001_R1_001.fastq.gz	/hpc/local/Rocky8/umc_kaaij/gkarsters/Rna-seq/Janneke_boudewijn_tom20H2B_d_ala/Run_2/1-H2B-DAAO-L-Ala-10mM-4h-1_AAF25FWM5_S4_L001_R2_001.fastq.gz
10-TOM20-DAAO-D-Ala-10mM-4h-1_AACWV7FM5	human	/hpc/local/Rocky8/umc_kaaij/gkarsters/Rna-seq/Janneke_boudewijn_tom20H2B_d_ala/Run_2/10-TOM20-DAAO-D-Ala-10mM-4h-1_AACWV7FM5_S13_L001_R1_001.fastq.gz	/hpc/local/Rocky8/umc_kaaij/gkarsters/Rna-seq/Janneke_boudewijn_tom20H2B_d_ala/Run_2/10-TOM20-DAAO-D-Ala-10mM-4h-1_AACWV7FM5_S13_L001_R2_001.fastq.gz
11-TOM20-DAAO-D-Ala-10mM-4h-2_AAF25FWM5	human	/hpc/local/Rocky8/umc_kaaij/gkarsters/Rna-seq/Janneke_boudewijn_tom20H2B_d_ala/Run_2/11-TOM20-DAAO-D-Ala-10mM-4h-2_AAF25FWM5_S13_L001_R1_001.fastq.gz	/hpc/local/Rocky8/umc_kaaij/gkarsters/Rna-seq/Janneke_boudewijn_tom20H2B_d_ala/Run_2/11-TOM20-DAAO-D-Ala-10mM-4h-2_AAF25FWM5_S13_L001_R2_001.fastq.gz
12-TOM20-DAAO-D-Ala-10mM-4h-3_AAF25FWM5	human	/hpc/local/Rocky8/umc_kaaij/gkarsters/Rna-seq/Janneke_boudewijn_tom20H2B_d_ala/Run_2/12-TOM20-DAAO-D-Ala-10mM-4h-3_AAF25FWM5_S14_L001_R1_001.fastq.gz	/hpc/local/Rocky8/umc_kaaij/gkarsters/Rna-seq/Janneke_boudewijn_tom20H2B_d_ala/Run_2/12-TOM20-DAAO-D-Ala-10mM-4h-3_AAF25FWM5_S14_L001_R2_001.fastq.gz
2-H2B-DAAO-L-Ala-10mM-4h-2_AAF25FWM5	human	/hpc/local/Rocky8/umc_kaaij/gkarsters/Rna-seq/Janneke_boudewijn_tom20H2B_d_ala/Run_2/2-H2B-DAAO-L-Ala-10mM-4h-2_AAF25FWM5_S5_L001_R1_001.fastq.gz	/hpc/local/Rocky8/umc_kaaij/gkarsters/Rna-seq/Janneke_boudewijn_tom20H2B_d_ala/Run_2/2-H2B-DAAO-L-Ala-10mM-4h-2_AAF25FWM5_S5_L001_R2_001.fastq.gz
3-H2B-DAAO-L-Ala-10mM-4h-3_AAF25FWM5	human	/hpc/local/Rocky8/umc_kaaij/gkarsters/Rna-seq/Janneke_boudewijn_tom20H2B_d_ala/Run_2/3-H2B-DAAO-L-Ala-10mM-4h-3_AAF25FWM5_S6_L001_R1_001.fastq.gz	/hpc/local/Rocky8/umc_kaaij/gkarsters/Rna-seq/Janneke_boudewijn_tom20H2B_d_ala/Run_2/3-H2B-DAAO-L-Ala-10mM-4h-3_AAF25FWM5_S6_L001_R2_001.fastq.gz
4-H2B-DAAO-D-Ala-10mM-4h-1_AAF25FWM5	human	/hpc/local/Rocky8/umc_kaaij/gkarsters/Rna-seq/Janneke_boudewijn_tom20H2B_d_ala/Run_2/4-H2B-DAAO-D-Ala-10mM-4h-1_AAF25FWM5_S1_L001_R1_001.fastq.gz	/hpc/local/Rocky8/umc_kaaij/gkarsters/Rna-seq/Janneke_boudewijn_tom20H2B_d_ala/Run_2/4-H2B-DAAO-D-Ala-10mM-4h-1_AAF25FWM5_S1_L001_R2_001.fastq.gz
5-H2B-DAAO-D-Ala-10mM-4h-2_AAF25FWM5	human	/hpc/local/Rocky8/umc_kaaij/gkarsters/Rna-seq/Janneke_boudewijn_tom20H2B_d_ala/Run_2/5-H2B-DAAO-D-Ala-10mM-4h-2_AAF25FWM5_S2_L001_R1_001.fastq.gz	/hpc/local/Rocky8/umc_kaaij/gkarsters/Rna-seq/Janneke_boudewijn_tom20H2B_d_ala/Run_2/5-H2B-DAAO-D-Ala-10mM-4h-2_AAF25FWM5_S2_L001_R2_001.fastq.gz
6-H2B-DAAO-D-Ala-10mM-4h-3_AAF25FWM5	human	/hpc/local/Rocky8/umc_kaaij/gkarsters/Rna-seq/Janneke_boudewijn_tom20H2B_d_ala/Run_2/6-H2B-DAAO-D-Ala-10mM-4h-3_AAF25FWM5_S3_L001_R1_001.fastq.gz	/hpc/local/Rocky8/umc_kaaij/gkarsters/Rna-seq/Janneke_boudewijn_tom20H2B_d_ala/Run_2/6-H2B-DAAO-D-Ala-10mM-4h-3_AAF25FWM5_S3_L001_R2_001.fastq.gz
7-TOM20-DAAO-L-Ala-10mM-4h-1_AACWV7FM5	human	/hpc/local/Rocky8/umc_kaaij/gkarsters/Rna-seq/Janneke_boudewijn_tom20H2B_d_ala/Run_2/7-TOM20-DAAO-L-Ala-10mM-4h-1_AACWV7FM5_S16_L001_R1_001.fastq.gz	/hpc/local/Rocky8/umc_kaaij/gkarsters/Rna-seq/Janneke_boudewijn_tom20H2B_d_ala/Run_2/7-TOM20-DAAO-L-Ala-10mM-4h-1_AACWV7FM5_S16_L001_R2_001.fastq.gz
8-TOM20-DAAO-L-Ala-10mM-4h-2_AAF25FWM5	human	/hpc/local/Rocky8/umc_kaaij/gkarsters/Rna-seq/Janneke_boudewijn_tom20H2B_d_ala/Run_2/8-TOM20-DAAO-L-Ala-10mM-4h-2_AAF25FWM5_S15_L001_R1_001.fastq.gz	/hpc/local/Rocky8/umc_kaaij/gkarsters/Rna-seq/Janneke_boudewijn_tom20H2B_d_ala/Run_2/8-TOM20-DAAO-L-Ala-10mM-4h-2_AAF25FWM5_S15_L001_R2_001.fastq.gz
9-TOM20-DAAO-L-Ala-10mM-4h-3_AAF25FWM5	human	/hpc/local/Rocky8/umc_kaaij/gkarsters/Rna-seq/Janneke_boudewijn_tom20H2B_d_ala/Run_2/9-TOM20-DAAO-L-Ala-10mM-4h-3_AAF25FWM5_S16_L001_R1_001.fastq.gz	/hpc/local/Rocky8/umc_kaaij/gkarsters/Rna-seq/Janneke_boudewijn_tom20H2B_d_ala/Run_2/9-TOM20-DAAO-L-Ala-10mM-4h-3_AAF25FWM5_S16_L001_R2_001.fastq.gz
